insert into Campeonato values('UEFA Champions League', '22/06/2021', '28/05/2022');

insert into Tecnico values('99999999999', 'Diego Simeone', 10000), ('99999999998', 'Gian Piero Gasperini', 15000), ('99999999997', 'Pep Guardiola', 10000), ('99999999996', 'Sergey Semak', 12000),
('99999999995', 'Julen Lopetegui', '20000'), ('99999999994', 'Philippe Clement', 18000), ('99999999993', 'Stefano Pioli', 16000), ('99999999992', 'Sergen Yalcin', 13000), ('99999999991', 'Mauricio Pochettino', 10000), ('99999999990', 'Xavi', 19000);

insert into Times values('Atlético de Madrid', 'Leao', 11, '99999999999'), ('Atalanta BC', 'Gaviao', 11, '99999999998'),
('Manchester City FC', 'Corvo', 11, '99999999997'), ('Zenit São Petersburgo', 'Golfinho', 11, '99999999996'), ('Sevilla FC', 'Arara', 11, '99999999995'), ('Club Brugge', 'Baleia', 11, '99999999994'),
('AC Milan', 'Tigre', 11, '99999999993'), ('Besiktas JK', 'Tamandua', 11, '99999999992'), ('FC Paris Saint-Germain', 'Gorila', 11, '99999999991'), ('FC Barcelona', 'Flamingo', 11, '99999999990');

insert into Campeonato_Registra_Time values('10/02/2021', 'UEFA Champions League', 'Atlético de Madrid'), ('15/02/2021', 'UEFA Champions League', 'Atalanta BC'),
('18/02/2021', 'UEFA Champions League', 'Manchester City FC'), ('03/02/2021', 'UEFA Champions League', 'Zenit São Petersburgo'), 
('07/02/2021', 'UEFA Champions League', 'Sevilla FC'), ('09/02/2021', 'UEFA Champions League', 'Club Brugge'), 
('10/02/2021', 'UEFA Champions League', 'AC Milan'), ('04/02/2021', 'UEFA Champions League', 'Besiktas JK'), 
('13/02/2021', 'UEFA Champions League', 'FC Paris Saint-Germain'), ('11/02/2021', 'UEFA Champions League', 'FC Barcelona');

insert into Localizacao values('Londres', 'Zona 4', 'Londres HA9 0WS'), ('Baku', 'Nizami', 'Heydar Aliyev, 323, Baku, Azerbaijan'), 
('Munique', 'Schwabing-Freimann', 'Werner-Heisenberg-Allee'), ('Roma', 'Quartiere XV Della Vittoria', 'Vialle dello Stadio Olimpico'), 
('São Petesburgo', 'Petrogradsky', 'Servenaya Doroga'), ('Amsterdam', 'Amsterdam Zuidoost', 'Burgemeester Stramanweg'), 
('Sevilla', 'Polígono Norte', 'Zona Isla de la Cartuja'), ('Bucareste', 'Vatra Luminoasa', 'Strada Sergent'), 
('Copenhagen', 'Norrebro', 'Oster Allé'), ('Gasglow', 'Shawlands', 'Somerville Dr');

insert into Estadio values('Wembley Stadium', 7140, 90000, 'Londres'), ('Estádio Olímpico', 7140, 68000, 'Baku'), 
('Allianz Arena', 7140, 45000, 'Munique'), ('Estádio Olímpico de Roma', 7140, 72698, 'Roma'), ('Estádio de São Petesburgo', 7140, 68000, 'São Petesburgo'), 
('Johan Cruiff Arena', 7140, 55500, 'Amsterdam'), ('Estádio Olímpico de La Cartuja', 7140, 60000, 'Sevilla'), ('Arena Nacional', 7140, 55634, 'Bucareste'), 
('Estádio Parken', 7140, 38065, 'Copenhagen'), ('Hampden Park', 7140, 51866, 'Gasglow');

insert into Partida values('Atlético de Madrid x Atalanta BC', 90, 3, 'Wembley Stadium', 'UEFA Champions League'), ('Atalanta BC x Manchester City FC', 95, 4, 'Estádio Olímpico', 'UEFA Champions League'), 
('Manchester City FC x Zenit São Petersburgo', 98, 2, 'Allianz Arena', 'UEFA Champions League'), ('Zenit São Petersburgo x Sevilla FC', 90, 0, 'Estádio Olímpico de Roma', 'UEFA Champions League'), ('Sevilla FC x Club Brugge', 92, 4, 'Estádio de São Petesburgo', 'UEFA Champions League'), 
('Club Brugge x AC Milan', 95, 5, 'Johan Cruiff Arena', 'UEFA Champions League'), ('AC Milan x Besiktas JK', 100, 3, 'Estádio Olímpico de La Cartuja', 'UEFA Champions League'), ('Besiktas JK x FC Paris Saint-Germain', 93, 4, 'Arena Nacional', 'UEFA Champions League'),
('FC Paris Saint-Germain x FC Barcelona', 95, 2, 'Estádio Parken', 'UEFA Champions League'), ('FC Barcelona x Sevilla FC', 90, 1, 'Hampden Park', 'UEFA Champions League');

insert into Placar values( 4, 3, 1, 'Atlético de Madrid x Atalanta BC'), ( 2, 1, 1, 'Atalanta BC x Manchester City FC'), 
( 1, 1, 0, 'Manchester City FC x Zenit São Petersburgo'), ( 3, 1, 2, 'Zenit São Petersburgo x Sevilla FC'), ( 5, 2, 3, 'Sevilla FC x Club Brugge'), 
( 3, 2, 1, 'Club Brugge x AC Milan'), ( 2, 0, 2, 'AC Milan x Besiktas JK'), ( 4, 1, 3, 'Besiktas JK x FC Paris Saint-Germain'), ( 1, 0, 1, 'FC Paris Saint-Germain x FC Barcelona'), ( 3, 1, 2, 'FC Barcelona x Sevilla FC');

insert into Time_Participa_Partida values('Atlético de Madrid x Atalanta BC', 'Atlético de Madrid'), ('Atalanta BC x Manchester City FC', 'Atalanta BC'), 
('Manchester City FC x Zenit São Petersburgo', 'Manchester City FC'), ('Zenit São Petersburgo x Sevilla FC', 'Zenit São Petersburgo'), ('Sevilla FC x Club Brugge', 'Sevilla FC'), 
('Club Brugge x AC Milan', 'Club Brugge'), ('AC Milan x Besiktas JK', 'AC Milan'), ('Besiktas JK x FC Paris Saint-Germain', 'Besiktas JK'), ('FC Paris Saint-Germain x FC Barcelona', 'FC Paris Saint-Germain'), ('FC Barcelona x Sevilla FC', 'FC Barcelona');

insert into Jogadores values('99999999989', 'Jan Oblak', 10000, 90, 28, 'M', 'Atlético de Madrid'), ('99999999988', 'Benjamin Lecomte', 12000, 85, 30, 'M', 'Atlético de Madrid'), ('99999999987', 'José María Giménez', 15000, 95, 26, 'M', 'Atlético de Madrid'), ('99999999986', 'Mario Hermoso', 20000, 89, 26, 'M', 'Atlético de Madrid'), ('99999999985', 'Stefan Savic', 13000, 88, 30, 'M', 'Atlético de Madrid'), ('99999999984', 'Felipe', 14000, 94, 32, 'M', 'Atlético de Madrid'), ('99999999983', 'Renan Lodi', 18000, 96, 23, 'M', 'Atlético de Madrid'), ('99999999982', 'Kieran Trippier', 19000, 97, 31, 'M', 'Atlético de Madrid'), ('99999999981', 'Sime Vrsaljko', 20000, 79, 29, 'M', 'Atlético de Madrid'), ('99999999980', 'Geofrrey Kondogbia', 23000, 78, 28, 'M', 'Atlético de Madrid'), ('99999999979', 'Marcos Llorente', 18000, 90, 26, 'M', 'Atlético de Madrid');
insert into Jogadores values('99999999978', 'Juan Musso', 14000, 92, 27, 'M', 'Atalanta BC'), ('99999999977', 'Marco Sportiello', 16000, 95, 29, 'M', 'Atalanta BC'), ('99999999976', 'Francesco Rossi', 13000, 86, 30, 'M', 'Atalanta BC'), ('99999999975', 'Merih Demiral', 17000, 87, 23, 'M', 'Atalanta BC'), ('99999999974', 'Berat Djimsiti', 19000, 98, 28, 'M', 'Atalanta BC'), ('99999999973', 'Rafael Tolói', 20000, 88, 31, 'M', 'Atalanta BC'), ('99999999972', 'José Luis Palomino', 16000, 86, 31, 'M', 'Atalanta BC'), ('99999999971', 'Matteo Lovato', 24000, 89, 21, 'M', 'Atalanta BC'), ('99999999970', 'Giorgio Scalvini', 13000, 78, 17, 'M', 'Atalanta BC'), ('99999999969', 'Giuseppe Pezzella', 19000, 92, 24, 'M', 'Atalanta BC'), ('99999999968', 'Joakim Maehle', 16000, 87, 24, 'M', 'Atalanta BC');
insert into Jogadores values('99999999967', 'Ederson', 15000, 86, 28, 'M', 'Manchester City FC'), ('99999999966', 'Zack Steffen', 19000, 90, 26, 'M', 'Manchester City FC'), ('99999999965', 'Scott Carson', 20000, 98, 36, 'M', 'Manchester City FC'), ('99999999964', 'Rúben Dias', 18500, 85, 24, 'M', 'Manchester City FC'), ('99999999963', 'Aymeric Laporte', 17000, 90, 27, 'M', 'Manchester City FC'), ('99999999962', 'Nathan Aké', 14000, 90, 26, 'M', 'Manchester City FC'), ('99999999961', 'John Stones', 20000, 84, 27, 'M', 'Manchester City FC'), ('99999999960', 'Oleksandr Zinchenko', 16000, 79, 24, 'M', 'Manchester City FC'), ('99999999959', 'Benjamin Mendy', 21000, 89, 27, 'M', 'Manchester City FC'), ('99999999958', 'João Cancelo', 28000, 93, 27, 'M', 'Manchester City FC'), ('99999999957', 'Kyle Walker', 23000, 93, 31, 'M', 'Manchester City FC');
insert into Jogadores values('99999999956', 'Stanislav Kritsyuk', 20000, 93, 31, 'M', 'Zenit São Petersburgo'), ('99999999955', 'Mikhail Kerzhakov', 20000, 90, 34, 'M', 'Zenit São Petersburgo'), ('99999999954', 'Daniil Odoevskiy', 19000, 78, 18, 'M', 'Zenit São Petersburgo'), ('99999999953', 'Dejan Lovren', 17000, 90, 32, 'M', 'Zenit São Petersburgo'), ('99999999952', 'Yaroslav Rakitskiy', 14000, 89, 32, 'M', 'Zenit São Petersburgo'), ('99999999951', 'Dmitri Chistyakov', 18000, 90, 27, 'M', 'Zenit São Petersburgo'), ('99999999950', 'Danila Khotulev', 16000, 90, 19, 'M', 'Zenit São Petersburgo'), ('99999999949', 'Douglas Santos', 21000, 92, 27, 'M', 'Zenit São Petersburgo'), ('99999999948', 'Danil Krugovoy', 17000, 93, 23, 'M', 'Zenit São Petersburgo'), ('99999999947', 'Wilmar Barrios', 25000, 90, 28, 'M', 'Zenit São Petersburgo'), ('99999999946', 'Kirill Kravtsov', 21000, 95, 19, 'M', 'Zenit São Petersburgo');
insert into Jogadores values('99999999945', 'Bono', 28000, 91, 30, 'M', 'Sevilla FC'), ('99999999944', 'Marko Dmitrovic', 25000, 90, 29, 'M', 'Sevilla FC'), ('99999999943', 'Javi Díaz', 22000, 92, 24, 'M', 'Sevilla FC'), ('99999999942', 'Jules Koundé', 17000, 97, 23, 'M', 'Sevilla FC'), ('99999999941', 'Diego Carlos', 29000, 90, 28, 'M', 'Sevilla FC'), ('99999999940', 'Karim Rekik', 15000, 90, 27, 'M', 'Sevilla FC'), ('99999999939', 'Gonzalo Montiel', 29000, 92, 24, 'M', 'Sevilla FC'), ('99999999938', 'Jesús Navas', 17000, 84, 36, 'M', 'Sevilla FC'), ('99999999937', 'Thomas Delaney', 22000, 87, 30, 'M', 'Sevilla FC'), ('99999999936', 'Nemanja Gudelj', 14000, 81, 30, 'M', 'Sevilla FC'), ('99999999935', 'Ibrahim Amadou', 19000, 90, 28, 'M', 'Sevilla FC');
insert into Jogadores values('99999999934', 'Simon Mignolet', 20000, 97, 33, 'M', 'Club Brugge'), ('99999999933', 'Senne Larmmens', 18000, 92, 19, 'M', 'Club Brugge'), ('99999999932', 'Nick Shinton', 20000, 85, 19, 'M', 'Club Brugge'), ('99999999931', 'Stanley Nsoki', 17000, 90, 22, 'M', 'Club Brugge'), ('99999999930', 'Brandon Mechele', 21000, 90, 28, 'M', 'Club Brugge'), ('99999999929', 'Jack Hendry', 24000, 85, 26, 'M', 'Club Brugge'), ('99999999328', 'Matej Mitrovic', 18000, 83, 28, 'M', 'Club Brugge'), ('99999999927', 'Faitout Maouassa', 23000, 92, 23, 'M', 'Club Brugge'), ('99999999926', 'Eduard Sobol', 16000, 90, 26, 'M', 'Club Brugge'), ('99999999925', 'Federico Ricca', 12000, 83, 27, 'M', 'Club Brugge'), ('99999999924', 'Clinton Mata', 27000, 90, 29, 'M', 'Club Brugge');
insert into Jogadores values('99999999923', 'Mike Maignan', 30000, 90, 26, 'M', 'AC Milan'), ('99999999922', 'Alessandro Plizzari', 13000, 83, 21, 'M', 'AC Milan'), ('99999999921', 'Cripian Tatarusanu', 14000, 87, 35, 'M', 'AC Milan'), ('99999999920', 'Antonio Mirante', 18000, 82, 38, 'M', 'AC Milan'), ('99999999919', 'Fikayo Tomori', 32000, 90, 23, 'M', 'AC Milan'), ('99999999918', 'Alessio Romagnoli', 25000, 88, 26, 'M', 'AC Milan'), ('99999999917', 'Simon Kjaer', 18000, 90, 32, 'M', 'AC Milan'), ('99999999916', 'Matteo Gabbia', 13000, 84, 22, 'M', 'AC Milan'), ('99999999915', 'Theo Hernández', 32000, 92, 24, 'M', 'AC Milan'), ('99999999914', 'Davide Calabria', 28000, 91, 25, 'M', 'AC Milan'), ('99999999913', 'Alessandro Florenzi', 19000, 84, 30, 'M', 'AC Milan');
insert into Jogadores values('99999999912', 'Ersin Destanoglu', 22000, 89, 20, 'M', 'Besiktas JK'), ('99999999911', 'Emre Bilgin', 12000, 79, 17, 'M', 'Besiktas JK'), ('99999999910', 'Francisco Montero', 17000, 89, 22, 'M', 'Besiktas JK'), ('99999999909', 'Domagoj Vida', 17000, 86, 32, 'M', 'Besiktas JK'), ('99999999908', 'Welinton', 12000, 88, 32, 'M', 'Besiktas JK'), ('99999999907', 'Serdar Saatci', 12000, 79, 18, 'M', 'Besiktas JK'), ('99999999906', 'Ridvan Yilmaz', 19000, 90, 20, 'M', 'Besiktas JK'), ('99999999905', 'Umut Meras', 17000, 89, 25, 'M', 'Besiktas JK'), ('99999999904', 'Valentin Rosier', 21000, 90, 25, 'M', 'Besiktas JK'), ('99999999903', 'Douglas', 12000, 88, 31, 'M', 'Besiktas JK'), ('99999999902', 'Souza', 18000, 92, 32, 'M', 'Besiktas JK');
insert into Jogadores values('99999999901', 'Neymar', 40000, 87, 29, 'M', 'FC Paris Saint-Germain'), ('99999999900', 'Julian Draxler', 18000, 80, 28, 'M', 'FC Paris Saint-Germain'), ('99999999899', 'Lionel Messi', 39000, 89, 34, 'M', 'FC Paris Saint-Germain'), ('99999999898', 'Ángel Di María', 18000, 85, 33, 'M', 'FC Paris Saint-Germain'), ('99999999897', 'Kylian Mbappé', 43000, 87, 22, 'M', 'FC Paris Saint-Germain'), ('99999999896', 'Mauro Icardi', 20000, 87, 28, 'M', 'FC Paris Saint-Germain'), ('99999999895', 'Keylor Navas', 15000, 90, 34, 'M', 'FC Paris Saint-Germain'), ('99999999894', 'Sergio Rico', 13000, 82, 28, 'M', 'FC Paris Saint-Germain'), ('99999999893', 'Alexandre Letellier', 11000, 81, 30, 'M', 'FC Paris Saint-Germain'), ('99999999892', 'Denis Franchi', 14000, 79, 19, 'M', 'FC Paris Saint-Germain'), ('99999999891', 'Marquinhos', 38000, 87, 27, 'M', 'FC Paris Saint-Germain');
insert into Jogadores values('99999999890', 'Neto', 35000, 83, 32, 'M', 'FC Barcelona'), ('99999999889', 'Ronald Araújo', 25000, 82, 22, 'M', 'FC Barcelona'), ('99999999888', 'Erric García', 20000, 79, 20, 'M', 'FC Barcelona'), ('99999999887', 'Clément Lenglet', 22000, 81, 26, 'M', 'FC Barcelona'), ('99999999886', 'Óscar Mingueza', 19000, 78, 22, 'M', 'FC Barcelona'), ('99999999885', 'Gerald Piqué', 17000, 81, 34, 'M', 'FC Barcelona'), ('99999999884', 'Samuel Umtiti', 15000, 87, 28, 'M', 'FC Barcelona'), ('99999999883', 'Jordi Alba', 17000, 90, 32, 'M', 'FC Barcelona'), ('99999999882', 'Álex Balde', 12000, 78, 18, 'M', 'FC Barcelona'), ('99999999881', 'Moussa Wagué', 12000, 78, 23, 'M', 'FC Barcelona'), ('99999999880', 'Dani Alves', 17000, 90, 38, 'M', 'FC Barcelona');

insert into Funcionarios values('99999999879', 'Ricardo', 5000), ('99999999878', 'Felipe', 6000), 
('99999999877', 'Camargo', 4000), ('99999999876', 'Rafael', 3000), ('99999999875', 'Daniel', 4000), 
('99999999874', 'Augusto', 3000), ('99999999873', 'Davi', 5000), ('99999999872', 'Vitor', 2500), ('99999999871', 'Murilo', 4000), 
('99999999870', 'Bruno', 3000);

insert into Juiz values('99999999879', 3, 2), ('99999999878', 2, 5), ('99999999877', 3, 5), ('99999999876', 1, 6);
insert into Bandeirinha values('99999999875', 3), ('99999999874', 2), ('99999999873', 3), ('99999999872', 5);
insert into Narrador values('99999999871', 'Sala 01'), ('99999999870', 'Sala 02');

insert into Funcionarios_Trabalham_Partida values('99999999879', 'Atlético de Madrid x Atalanta BC'), 
('99999999878', 'Atalanta BC x Manchester City FC'), ('99999999877', 'Club Brugge x AC Milan'), 
('99999999876', 'Besiktas JK x FC Paris Saint-Germain'), ('99999999875', 'Atlético de Madrid x Atalanta BC'), ('99999999874', 'Besiktas JK x FC Paris Saint-Germain'), 
('99999999873', 'Club Brugge x AC Milan'), ('99999999872', 'Atalanta BC x Manchester City FC'), 
('99999999871', 'Atalanta BC x Manchester City FC'), ('99999999870', 'Atlético de Madrid x Atalanta BC'); 